<?xml version="1.0" encoding="UTF-8"?>
<project-private xmlns="http://www.netbeans.org/ns/project-private/1">
    <editor-bookmarks xmlns="http://www.netbeans.org/ns/editor-bookmarks/2" lastBookmarkId="0"/>
    <open-files xmlns="http://www.netbeans.org/ns/projectui-open-files/2">
        <group>
            <file>file:/C:/Users/srujan/OneDrive/Documents/NetBeansProjects/WaterPlant/src/waterplant/dashboard.java</file>
            <file>file:/C:/Users/srujan/OneDrive/Documents/NetBeansProjects/WaterPlant/src/waterplant/orders.java</file>
            <file>file:/C:/Users/srujan/OneDrive/Documents/NetBeansProjects/WaterPlant/src/waterplant/Tanker.java</file>
            <file>file:/C:/Users/srujan/OneDrive/Documents/NetBeansProjects/WaterPlant/src/waterplant/customer.java</file>
            <file>file:/C:/Users/srujan/OneDrive/Documents/NetBeansProjects/WaterPlant/src/waterplant/Login.java</file>
            <file>file:/C:/Users/srujan/OneDrive/Documents/NetBeansProjects/WaterPlant/src/waterplant/cardRe.java</file>
            <file>file:/C:/Users/srujan/OneDrive/Documents/NetBeansProjects/WaterPlant/src/waterplant/ATW_card.java</file>
            <file>file:/C:/Users/srujan/OneDrive/Documents/NetBeansProjects/WaterPlant/src/waterplant/Signin.java</file>
            <file>file:/C:/Users/srujan/OneDrive/Documents/NetBeansProjects/WaterPlant/src/waterplant/DB_Part.java</file>
        </group>
    </open-files>
</project-private>
